"","avg acc","std acc"
"1",0.811111111111111,0.0214303350244288
