"","avg acc","std acc"
"1",0.270833333333333,0.0797855923130282
