"","avg acc","std acc"
"1",0.791666666666667,0.315494908100015
