"","avg acc","std acc"
"1",0.395833333333333,0.248839900932902
