"","max DCV threshold","Threshold zero"
"1",0.166666666666667,0.166666666666667
