protein, probability of being in a group of size from 1 to 3 with acc higher or equal to 0.944444444444
P55786_NPEPPS,0.0138888888889
P0C0L5_C4B,0.0277777777778
P01023_A2M,0.0555555555556
P00924_ENO1,0.0138888888889
P14174_MIF,0.0
CON__P00761,0.0
P07900_2_HSP90AA1,0.0277777777778
CON__P13645_KRT10,0.0138888888889
P00330_ADH1,0.0138888888889
P02769_BSA,0.0
