"","avg acc","std acc"
"1",0.884444444444444,0.0167774098561572
