"","index","name","Raw.p","Bonferroni","BH","Holm","Hochberg","Hommel","BY"
"3",3,"LKHA4",0.0683892588024324,0.478724811617027,0.238732889141988,0.478724811617027,0.462192691614836,0.284205820407128,0.619000276846725
"5",5,"PGK1",0.129243772136644,0.90470640495651,0.238732889141988,0.775462632819865,0.462192691614836,0.387731316409933,0.619000276846725
"2",2,"COL6A1",0.13138310903638,0.919681763254657,0.238732889141988,0.775462632819865,0.462192691614836,0.394149327109139,0.619000276846725
"1",1,"CYTB",0.159515142100542,1,0.238732889141988,0.775462632819865,0.462192691614836,0.462192691614836,0.619000276846725
"4",4,"ITAV",0.170523492244277,1,0.238732889141988,0.775462632819865,0.462192691614836,0.462192691614836,0.619000276846725
"7",7,"NDRG1",0.378054159551571,1,0.441063186143499,0.775462632819865,0.462192691614836,0.462192691614836,1
"6",6,"MB",0.462192691614836,1,0.462192691614836,0.775462632819865,0.462192691614836,0.462192691614836,1
