"","index","name","Raw.p","Bonferroni","BH","Holm","Hochberg","Hommel","BY"
"3",3,"LKHA4",0.00450826734728651,0.0315578714310055,0.0243994192362829,0.0315578714310055,0.0315578714310055,0.027049604083719,0.0632642084483622
"4",4,"ITAV",0.00697126263893798,0.0487988384725659,0.0243994192362829,0.0418275758336279,0.0418275758336279,0.0418275758336279,0.0632642084483622
"1",1,"CYTB",0.0274264697675976,0.191985288373183,0.0629872485040446,0.137132348837988,0.13497267536581,0.0899817835772065,0.16331693719263
"2",2,"COL6A1",0.0371478677088675,0.260035073962072,0.0629872485040446,0.14859147083547,0.13497267536581,0.111443603126602,0.16331693719263
"7",7,"NDRG1",0.0449908917886033,0.314936242520223,0.0629872485040446,0.14859147083547,0.13497267536581,0.13497267536581,0.16331693719263
"5",5,"PGK1",0.0917219183626003,0.642053428538202,0.107008904756367,0.183443836725201,0.183443836725201,0.183443836725201,0.277458803046866
"6",6,"MB",0.696082820872442,1,0.696082820872442,0.696082820872442,0.696082820872442,0.696082820872442,1
