gene,p-value
Pep15,0.0017310842939
Pep9,0.00226402228596
Pep6,0.00927165051817
Pep12,0.0315135772657
Pep13,0.0464557812753
Pep7,0.0559301792419
Pep10,0.0594258461592
Pep3,0.0669618291384
Pep8,0.0997468455539
Pep4,0.105332751583
Pep11,0.123588800306
Pep1,0.253604677916
Pep16,0.395552633931
Pep5,0.523999076235
Pep17,0.559157294391
Pep2,0.710119225231
Pep14,0.750032472631
