"","avg acc","std acc"
"1",0.226190476190476,0.248673730696719
