"","avg acc","std acc"
"1",0.833333333333333,0.192450089729875
