top-1,top-2,top-3,top-4,top-5,top-6,top-7,top-8,top-9,top-10
0.333333333333,0.333333333333,0.333333333333,0.333333333333,0.333333333333,0.333333333333,0.333333333333,0.333333333333,0.333333333333,0.333333333333
