gene,p-value
Pep1,0.0866370383138
Pep2,0.755231446869
Pep3,0.00430679393768
Pep4,0.0210726425522
Pep5,0.684165005257
Pep6,0.0553538238913
Pep7,0.0549854341159
Pep8,0.0101148450186
Pep9,0.076122807131
Pep10,0.24957559197
Pep11,0.0299249361374
Pep12,0.0326677750824
Pep13,0.390073761535
Pep14,0.140878778508
Pep15,0.0212943053958
Pep16,0.566002309782
Pep17,0.714791517223
