classifier;accuracy;f1;precision;recall
SVM_Linear;0.166666666667;0.133333333333;0.111111111111;0.166666666667
SVM_Poly;0.166666666667;0.111111111111;0.0833333333333;0.166666666667
SVM_RBF;0.333333333333;0.166666666667;0.111111111111;0.333333333333
NSC;0.166666666667;0.111111111111;0.0833333333333;0.166666666667
Gaussian Naive Bayes;0.5;0.412698412698;0.466666666667;0.5
Random Forest;0.833333333333;0.822222222222;0.888888888889;0.833333333333
Decision Tree;0.5;0.522222222222;0.611111111111;0.5
