classifier;accuracy;f1;precision;recall
SVM_Linear;0.666666666667;0.666666666667;0.666666666667;0.666666666667
SVM_Poly;0.5;0.412698412698;0.466666666667;0.5
SVM_RBF;0.333333333333;0.277777777778;0.25;0.333333333333
NSC;0.5;0.522222222222;0.611111111111;0.5
Gaussian Naive Bayes;0.5;0.522222222222;0.611111111111;0.5
Random Forest;0.333333333333;0.277777777778;0.25;0.333333333333
Decision Tree;0.5;0.412698412698;0.466666666667;0.5
