classifier;inserted_proteins-mean;inserted_proteins-std
SVM_Linear;0.710016835017;0.0
SVM_Poly;0.787581699346;0.0
SVM_RBF;0.691077441077;0.0
NSC;0.718518518519;0.0
Gaussian Naive Bayes;0.748148148148;0.0
Random Forest;0.716666666667;0.0
Decision Tree;0.674074074074;0.0
