N, acc independent, all proteins found in a loop
7,0.5,P01023_A2M,P00924_ENO1,P09228_CST2,B7Z6Z4_MYL6,P01036_CST4,P23280_CA6,P02769_BSA
8,0.833333333333,B4E1Z4_CFB,P09228_CST2,Q99879_HIST1H2BM,P02787_TF,P01008_SERPINC1,P00330_ADH1,P52209_PGD,CON__P02768_1_ALB
5,0.166666666667,P0C0L5_C4B,P01023_A2M,P00924_ENO1,P14174_MIF,P62937_PPIA
