N, acc independent, all proteins found in a loop
13,0.833333333333,P0C0L5_C4B,P01023_A2M,P00924_ENO1,P09228_CST2,P01859_IGHG2,B7Z6Z4_MYL6,P02787_TF,P00489_GPB,P01036_CST4,P02769_BSA,P23280_CA6,P52209_PGD,P02763_ORM1
9,0.666666666667,B4E1Z4_CFB,P02787_TF,Q99879_HIST1H2BM,Q9NZL9_MAT2B,CON__P02768_1_ALB,P01008_SERPINC1,P00330_ADH1,P52209_PGD,P09228_CST2
7,0.5,P0C0L5_C4B,P01023_A2M,P00924_ENO1,P14174_MIF,P62937_PPIA,CON__P00761,P02769_BSA
2,0.5,P05386_RPLP1,CON__P00761
