classifier, n, f1, acc, recall, precision, auc_cv_mean, f1_independent, acc_independent, recall_independent, precision_independent, auc_independent, signature
bag_nsc_eucl,1,0.808848797251,0.721875,0.896666666667,0.736697965571,0.641782357143,0.808510638298,0.71875,0.904761904762,0.730769230769,0.712121212121,CYTB
bag_nsc_eucl,1,0.73918128655,0.6515625,0.752380952381,0.726436781609,0.565735785714,0.744186046512,0.65625,0.761904761905,0.727272727273,0.608225108225,COL6A1
bag_nsc_eucl,1,0.828487716926,0.7621875,0.875238095238,0.7864783911,0.732291928571,0.818181818182,0.75,0.857142857143,0.782608695652,0.792207792208,LKHA4
bag_nsc_eucl,1,0.798663697105,0.7175,0.85380952381,0.750209205021,0.648879928571,0.8,0.71875,0.857142857143,0.75,0.679653679654,ITAV
bag_nsc_eucl,1,0.77481736141,0.6725,0.858571428571,0.705951448708,0.613821071429,0.765957446809,0.65625,0.857142857143,0.692307692308,0.649350649351,PGK1
bag_nsc_eucl,1,0.675818882466,0.579375,0.668095238095,0.683723196881,0.521329785714,0.755555555556,0.65625,0.809523809524,0.708333333333,0.599567099567,NDRG1
