gene,p-value
CYTB,0.0548210534301
COL6A1,0.0206371031168
LKHA4,0.00819910294295
ITAV,0.0733450503989
PGK1,0.0108047577604
