gene,p-value
CYTB,0.0276641152547
COL6A1,0.035480899972
LKHA4,0.00428109920391
ITAV,0.00657166287157
PGK1,0.0879955794395
MB,0.676972625777
NDRG1,0.0430242003746
