*N,acc_tree,groups
2,0.861111111111,B4E1Z4_CFB,P00330_ADH1
2,0.861111111111,CON__P02768_1_ALB,P00330_ADH1
2,0.861111111111,Q9NZL9_MAT2B,P00330_ADH1
2,0.861111111111,P00330_ADH1,P01008_SERPINC1
2,0.861111111111,P00330_ADH1,P02787_TF
2,0.861111111111,P00330_ADH1,P09228_CST2
2,0.861111111111,P00330_ADH1,P52209_PGD
2,0.861111111111,P00330_ADH1,Q99879_HIST1H2BM
