*N,acc_tree,groups
2,0.833333333333,CON__P00761,P00330_ADH1
2,0.944444444444,CON__P00761,P05386_RPLP1
2,0.833333333333,CON__P00761,Q99879_HIST1H2BM
