type,acc,n,proteins
all_independent_proteins,0.833333333333,5,P04792_HSPB1,P01009_SERPINA1,P00330_ADH1,P09228_CST2,CON__P00761
signature,acc,n,signatures formed by independent_genes crosvalidated externally
,0.830687830688,2,P04792_HSPB1,CON__P00761
,0.830687830688,2,P01009_SERPINA1,P00330_ADH1
,0.822751322751,2,P00330_ADH1,CON__P00761
,0.952380952381,3,P04792_HSPB1,P01009_SERPINA1,CON__P00761
,0.867724867725,3,P04792_HSPB1,P00330_ADH1,P09228_CST2
,0.822751322751,3,P04792_HSPB1,P00330_ADH1,CON__P00761
,0.867724867725,3,P01009_SERPINA1,P00330_ADH1,P09228_CST2
,0.822751322751,3,P01009_SERPINA1,P00330_ADH1,CON__P00761
