*N,acc_tree,groups
3,0.952380952381,CON__P00761,P01009_SERPINA1,P04792_HSPB1
3,0.952380952381,CON__P00761,P04792_HSPB1,P08246_ELANE
