*N,acc_tree,groups
2,0.833333333333,P02769_BSA,P02787_TF
2,0.888888888889,P00330_ADH1,P01036_CST4
