*N,acc_tree,groups
2,0.944444444444,P01036_CST4,P02769_BSA
3,0.944444444444,P0C0L5_C4B,P01036_CST4,P02769_BSA
3,0.944444444444,P01023_A2M,B7Z6Z4_MYL6,P02769_BSA
