*N,acc_tree,groups
1,0.866666666667,P00330_ADH1
1,0.877777777778,P08107_HSPA1A
