*N,acc_tree,groups
3,0.833333333333,B4E1Z4_CFB,P61586_RHOA,Q99879_HIST1H2BM
3,0.888888888889,B7Z6Z4_MYL6,P14174_MIF,Q99879_HIST1H2BM
3,0.833333333333,P01023_A2M,P14174_MIF,Q99879_HIST1H2BM
3,0.833333333333,P02763_ORM1,P14174_MIF,Q99879_HIST1H2BM
3,0.833333333333,P09228_CST2,P14174_MIF,Q99879_HIST1H2BM
3,0.833333333333,P09228_CST2,P61586_RHOA,Q99879_HIST1H2BM
