*N,acc_tree,groups
3,0.888888888889,Q14697_2_GANAB,P00330_ADH1,P00924_ENO1
3,0.861111111111,P00330_ADH1,P00489_GPB,P00924_ENO1
3,0.861111111111,P00330_ADH1,P00489_GPB,P01008_SERPINC1
3,0.861111111111,P00330_ADH1,P01036_CST4,P61586_RHOA
3,0.861111111111,P00330_ADH1,P02787_TF,P61586_RHOA
3,0.833333333333,P00489_GPB,P00924_ENO1,P61586_RHOA
3,0.861111111111,P00924_ENO1,P01036_CST4,P61586_RHOA
