*N,acc_tree,groups
2,0.861111111111,A0A087WV47_IGHG1,P00330_ADH1
2,0.861111111111,B4E1Z4_CFB,P00330_ADH1
2,0.861111111111,P04406_GAPDH,P00330_ADH1
2,0.833333333333,Q14697_2_GANAB,P01023_A2M
2,0.861111111111,P00330_ADH1,P01008_SERPINC1
2,0.861111111111,P00330_ADH1,P02763_ORM1
2,0.861111111111,P00330_ADH1,P02787_TF
2,0.861111111111,P00330_ADH1,P05386_RPLP1
2,0.861111111111,P00330_ADH1,P09228_CST2
2,0.861111111111,P00330_ADH1,P52209_PGD
