*N,acc_tree,groups
2,0.861111111111,Q9NZL9_MAT2B,P00330_ADH1
2,0.861111111111,P00330_ADH1,P01008_SERPINC1
