*N,acc_tree,groups
2,0.833333333333,A0A024R6X1_CES2,P22079_LPO
2,0.833333333333,P62258_YWHAE,CON__P00761
2,0.833333333333,CON__P00761,P00330_ADH1
2,0.888888888889,CON__P00761,P01008_SERPINC1
2,0.888888888889,CON__P00761,P01009_SERPINA1
2,0.833333333333,CON__P00761,P05386_RPLP1
2,0.833333333333,CON__P00761,P07339_CTSD
2,0.833333333333,CON__P00761,P22314_UBA1
2,0.833333333333,CON__P35527_KRT9,Q9NZL9_MAT2B
2,0.833333333333,P05386_RPLP1,P14174_MIF
2,0.833333333333,P18669_PGAM1,P31946_2
