*N,acc_tree,groups
2,0.944444444444,Q99879_HIST1H2BM,CON__P00761
2,0.833333333333,P01008_SERPINC1,CON__P00761
3,0.833333333333,Q99879_HIST1H2BM,P01008_SERPINC1,CON__P00761
