*N,acc_tree,groups
3,0.833333333333,Q14697_2_GANAB,Q9NZL9_MAT2B,P00330_ADH1
3,0.833333333333,Q14697_2_GANAB,P00330_ADH1,P00924_ENO1
3,0.833333333333,Q14697_2_GANAB,P00489_GPB,P05386_RPLP1
3,0.833333333333,Q9NZL9_MAT2B,P00489_GPB,P61586_RHOA
3,0.861111111111,P00330_ADH1,P01036_CST4,P61586_RHOA
3,0.861111111111,P00924_ENO1,P01036_CST4,P61586_RHOA
