*N,acc_tree,groups
2,0.888888888889,P02769_BSA,P01036_CST4
2,0.833333333333,P02769_BSA,P02787_TF
