*N,acc_tree,groups
2,0.861111111111,A0A087WVW2_IGHG3,P00330_ADH1
2,0.861111111111,A0A075B6R9,P00330_ADH1
2,0.861111111111,A0A087WT59_TTR,P00330_ADH1
2,0.861111111111,P19823_ITIH2,P00330_ADH1
2,0.833333333333,A0A087X2C0,P31151_S100A7
2,0.861111111111,B4E1Z4_CFB,P00330_ADH1
2,0.861111111111,P51149_RAB7A,P00330_ADH1
2,0.833333333333,CON__P00761,P31947_SFN
2,0.861111111111,CON__P01966,P00330_ADH1
2,0.861111111111,CON__P13646_1,P00330_ADH1
2,0.861111111111,CON__P35527_KRT9,P00330_ADH1
2,0.861111111111,D6RF35_GC,P00330_ADH1
2,0.861111111111,P11413_2_G6PD,P00330_ADH1
2,0.861111111111,P55786_NPEPPS,P00330_ADH1
2,0.861111111111,Q14697_2_GANAB,P00330_ADH1
2,0.861111111111,P09382_LGALS1,P00330_ADH1
2,0.861111111111,O00391_QSOX1,P00330_ADH1
2,0.861111111111,O95336_PGLS,P00330_ADH1
2,0.861111111111,P00330_ADH1,P00738_HP
2,0.861111111111,P00330_ADH1,P01624
2,0.861111111111,P00330_ADH1,P01861_IGHG4
2,0.861111111111,P00330_ADH1,P02760_AMBP
2,0.861111111111,P00330_ADH1,P04217_A1BG
2,0.861111111111,P00330_ADH1,A0A0A0MTS2_GPI
2,0.861111111111,P00330_ADH1,P08246_ELANE
2,0.861111111111,P00330_ADH1,P08603_CFH
2,0.861111111111,P00330_ADH1,P09228_CST2
2,0.861111111111,P00330_ADH1,P10412_HIST1H1E
2,0.861111111111,P00330_ADH1,P11142_HSPA8
2,0.861111111111,P00330_ADH1,P14550_AKR1A1
2,0.861111111111,P00330_ADH1,P14618_PKM2
2,0.861111111111,P00330_ADH1,P16401_HIST1H1B
2,0.861111111111,P00330_ADH1,P16403_HIST1H1C
2,0.861111111111,P00330_ADH1,P18669_PGAM1
2,0.861111111111,P00330_ADH1,P20160_AZU1
2,0.861111111111,P00330_ADH1,P20618_PSMB1
2,0.861111111111,P00330_ADH1,P23284_PPIB
2,0.861111111111,P00330_ADH1,P24158_PRTN3
2,0.861111111111,P00330_ADH1,P26038_MSN
2,0.861111111111,P00330_ADH1,P30044_PRDX5
2,0.861111111111,P00330_ADH1,P31946_2
2,0.861111111111,P00330_ADH1,B1AK88_CAPZB
2,0.861111111111,P00330_ADH1,P52209_PGD
2,0.861111111111,P00330_ADH1,P61158_ACTR3
2,0.861111111111,P00330_ADH1,P62937_PPIA
2,0.861111111111,P00330_ADH1,P68371_TUBB4B
2,0.861111111111,P00330_ADH1,P80748
2,0.861111111111,P00330_ADH1,A0A087WV23_SH3BGRL3
2,0.861111111111,P00330_ADH1,Q6P5S2_C6orf58
2,0.861111111111,P00330_ADH1,Q9BRF8_CPPED1
