*N,acc_tree,groups
2,0.888888888889,Q14697_2_GANAB,CON__P00761
3,0.888888888889,Q14697_2_GANAB,CON__P00761,P02769_BSA
