*N,acc_tree,groups
3,0.944444444444,B7Z6Z4_MYL6,P0C0L5_C4B,P00924_ENO1
3,0.944444444444,P0C0L5_C4B,P00924_ENO1,Q9NQ38_3_SPINK5
