*N,acc_tree,groups
1,0.833333333333,P00924_ENO1
2,0.833333333333,P01036_CST4,P00924_ENO1
2,0.888888888889,P01036_CST4,P02769_BSA
3,0.888888888889,P01036_CST4,P00924_ENO1,P02769_BSA
