*N,acc_tree,groups
2,0.944444444444,P55786_NPEPPS,P01023_A2M
2,0.944444444444,P0C0L5_C4B,P00924_ENO1
2,0.944444444444,P01023_A2M,P14174_MIF
3,0.944444444444,P0C0L5_C4B,P00924_ENO1,P14174_MIF
