*N,acc_tree,groups
2,0.861111111111,B4E1Z4_CFB,P00330_ADH1
2,0.861111111111,Q14697_2_GANAB,P00330_ADH1
2,0.861111111111,P00330_ADH1,P00738_HP
2,0.861111111111,P00330_ADH1,P01008_SERPINC1
2,0.861111111111,P00330_ADH1,P01859_IGHG2
2,0.861111111111,P00330_ADH1,P02675_FGB
2,0.861111111111,P00330_ADH1,P02790_HPX
2,0.861111111111,P00330_ADH1,P09228_CST2
2,0.861111111111,P00330_ADH1,P23280_CA6
2,0.861111111111,P00330_ADH1,P52209_PGD
