*N,acc_tree,groups
3,0.944444444444,P02769_BSA,P0C0L5_C4B,P01036_CST4
3,0.944444444444,P02769_BSA,P0C0L5_C4B,P01859_IGHG2
3,0.944444444444,P02769_BSA,P01036_CST4,P01859_IGHG2
3,0.944444444444,P02769_BSA,P01036_CST4,P02763_ORM1
3,0.944444444444,P02769_BSA,P01036_CST4,P07339_CTSD
3,0.944444444444,P02769_BSA,P01036_CST4,P52209_PGD
