*N,acc_tree,groups
3,0.833333333333,CON__P00761,P02769_BSA,P02787_TF
3,0.861111111111,P02769_BSA,P00489_GPB,P61586_RHOA
