*N,acc_tree,groups
2,0.944444444444,P0C0L5_C4B,P00924_ENO1
2,0.944444444444,P01023_A2M,P62937_PPIA
3,0.944444444444,P0C0L5_C4B,P01023_A2M,P00924_ENO1
