*N,acc_tree,groups
3,0.861111111111,P00330_ADH1,P00489_GPB,P01008_SERPINC1
3,0.861111111111,P00330_ADH1,P00489_GPB,P05386_RPLP1
