*N,acc_tree,groups
2,0.833333333333,CON__P00761,P05386_RPLP1
2,0.833333333333,CON__P00761,P07339_CTSD
2,0.833333333333,CON__P00761,Q08188_TGM3
