*N,acc_tree,groups
2,0.861111111111,P05386_RPLP1,P00330_ADH1
2,0.861111111111,Q99879_HIST1H2BM,P00330_ADH1
3,0.861111111111,P05386_RPLP1,P00330_ADH1,P02787_TF
3,0.861111111111,P01008_SERPINC1,P00330_ADH1,P02787_TF
