*N,acc_tree,groups
1,0.885714285714,CON__P00761
1,0.838095238095,P02769_BSA
1,0.885714285714,P00330_ADH1
