*N,acc_tree,groups
2,0.833333333333,A0A087WZM2_RNASET2,P00738_HP
2,0.833333333333,A0A075B6P5,Q9HC84_MUC5B
2,0.833333333333,B4E1Z4_CFB,P01036_CST4
2,0.833333333333,CON__P00761,P00738_HP
2,0.861111111111,P02769_BSA,P0C0L5_C4B
2,0.888888888889,P02769_BSA,P01009_SERPINA1
2,0.833333333333,P02769_BSA,P01859_IGHG2
2,0.888888888889,P0C0L5_C4B,P01036_CST4
2,0.888888888889,P00330_ADH1,P01036_CST4
