*N,acc_tree,groups
2,0.861111111111,P00330_ADH1,P02787_TF
3,0.861111111111,P02675_FGB,P00330_ADH1,P02787_TF
