*N,acc_tree,groups
2,0.861111111111,Q14697_2_GANAB,P00330_ADH1
2,0.861111111111,P00330_ADH1,P02787_TF
2,0.861111111111,P00330_ADH1,P05386_RPLP1
