*N,acc_tree,groups
3,0.944444444444,P61586_RHOA,Q14697_2_GANAB,P00330_ADH1
3,0.888888888889,P61586_RHOA,Q14697_2_GANAB,CON__P00761
3,0.861111111111,P61586_RHOA,P00330_ADH1,P02769_BSA
