*N,acc_tree,groups
2,0.861111111111,Q14697_2_GANAB,P61586_RHOA
2,0.833333333333,P00489_GPB,P61586_RHOA
