*N,acc_tree,groups
2,0.833333333333,CON__P00761,P00738_HP
2,0.833333333333,CON__P00761,P01023_A2M
2,0.888888888889,P02769_BSA,P01036_CST4
2,0.833333333333,P02769_BSA,P01859_IGHG2
2,0.833333333333,P00330_ADH1,P01036_CST4
