*N,acc_tree,groups
2,0.861111111111,P00330_ADH1,P01008_SERPINC1
2,0.861111111111,P00330_ADH1,P02787_TF
2,0.861111111111,P00330_ADH1,P05386_RPLP1
2,0.861111111111,P00330_ADH1,Q99879_HIST1H2BM
