*N,acc_tree,groups
1,0.833333333333,B7Z6Z4_MYL6
1,0.833333333333,P00924_ENO1
