*N,acc_tree,groups
2,0.888888888889,CON__P00761,Q14697_2_GANAB
2,0.861111111111,P00489_GPB,P00330_ADH1
2,0.888888888889,Q14697_2_GANAB,P00330_ADH1
3,0.861111111111,P61586_RHOA,Q14697_2_GANAB,P00330_ADH1
3,0.861111111111,P00489_GPB,P01008_SERPINC1,P00330_ADH1
3,0.888888888889,P00489_GPB,Q14697_2_GANAB,P00330_ADH1
