*N,acc_tree,groups
3,0.944444444444,P02763_ORM1,B7Z6Z4_MYL6,P02769_BSA
3,0.944444444444,B7Z6Z4_MYL6,P01036_CST4,P02769_BSA
