*N,acc_tree,groups
2,0.833333333333,Q14697_2_GANAB,P00489_GPB
2,0.861111111111,Q14697_2_GANAB,P61586_RHOA
2,0.861111111111,P00330_ADH1,P00489_GPB
