*N,acc_tree,groups
2,0.861111111111,P00330_ADH1,P02787_TF
3,0.861111111111,P05386_RPLP1,P00330_ADH1,P02787_TF
