*N,acc_tree,groups
1,0.833333333333,P00924_ENO1
2,0.833333333333,P00924_ENO1,P01036_CST4
2,0.833333333333,P01036_CST4,P00330_ADH1
3,0.833333333333,P00924_ENO1,P01036_CST4,P00330_ADH1
