*N,acc_tree,groups
1,0.833333333333,P02769_BSA
1,0.833333333333,CON__P00761
3,0.833333333333,P61586_RHOA,P02769_BSA,CON__P00761
