*N,acc_tree,groups
3,0.888888888889,Q14697_2_GANAB,P00330_ADH1,P00489_GPB
3,0.888888888889,Q14697_2_GANAB,P00330_ADH1,P61586_RHOA
3,0.861111111111,Q14697_2_GANAB,P05386_RPLP1,P61586_RHOA
3,0.861111111111,Q14697_2_GANAB,P61586_RHOA,Q99879_HIST1H2BM
3,0.861111111111,P00330_ADH1,P00489_GPB,Q99879_HIST1H2BM
3,0.833333333333,P00489_GPB,P05386_RPLP1,P61586_RHOA
