*N,acc_tree,groups
3,0.833333333333,Q14697_2_GANAB,Q9NZL9_MAT2B,P01036_CST4
3,0.888888888889,Q14697_2_GANAB,P00330_ADH1,P01036_CST4
3,0.888888888889,P00330_ADH1,P01036_CST4,P61586_RHOA
