*N,acc_tree,groups
2,0.861111111111,P01036_CST4,P02769_BSA
3,0.888888888889,P01036_CST4,P00924_ENO1,P02769_BSA
