*N,acc_tree,groups
1,0.84126984127,P00330_ADH1
1,0.84126984127,P00924_ENO1
