N, acc independent, all proteins found in a loop
4,0.666666666667,P01036_CST4,P00924_ENO1,B7Z6Z4_MYL6,P02769_BSA
27,0.666666666667,CON__P01966,P62937_PPIA,Q02413_DSG1,P08603_CFH,P15153_RAC2,P68371_TUBB4B,P04217_A1BG,P22314_UBA1,P31946_2,P02675_FGB,Q14697_2_GANAB,P00330_ADH1,CON__Q3MHH8,P55786_NPEPPS,B4E1Z4_CFB,P01023_A2M,P02763_ORM1,P04196_HRG,P01861_IGHG4,CON__P35527_KRT9,B7Z6Z4_MYL6,P02753_RBP4,P01042_2_KNG1,P02787_TF,P01859_IGHG2,P52209_PGD,P23280_CA6
8,0.666666666667,P55786_NPEPPS,P00450_CP,P01023_A2M,P15153_RAC2,P62937_PPIA,P00330_ADH1,CON__P00761,P02769_BSA
2,0.5,P05386_RPLP1,CON__P00761
