"","avg acc","std acc"
"1",0.875555555555556,0.0192450089729875
