"","avg acc","std acc"
"1",0.666666666666667,0.235702260395516
