classifier;NSC-mean;NSC-std;SVM-RFE-mean;SVM-RFE-std;Beta-Binomial-mean;Beta-Binomial-std
SVM_Linear;0.541176470588;0.0512811640417;0.535294117647;0.0470588235294;0.594117647059;0.0432262895785
SVM_Poly;0.0764705882353;0.0299942324329;0.476470588235;0.0432262895785;0.229411764706;0.0117647058824
SVM_RBF;0.235294117647;0.0415945165404;0.441176470588;0.0263066820882;0.505882352941;0.0599884648658
NSC;0.423529411765;0.0235294117647;0.564705882353;0.0506019133355;0.629411764706;0.0633548800839
Gaussian Naive Bayes;0.258823529412;0.0288175263857;0.576470588235;0.0299942324329;0.611764705882;0.0680931582517
Random Forest;0.452941176471;0.0780382303613;0.552941176471;0.0506019133355;0.505882352941;0.0775935644604
Decision Tree;0.417647058824;0.0570315277343;0.541176470588;0.0545506970323;0.476470588235;0.0470588235294
