classifier;NSC-mean;NSC-std;SVM-RFE-mean;SVM-RFE-std;Beta-Binomial-mean;Beta-Binomial-std
SVM_Linear;0.543735935977;0.0486799302302;0.518824568964;0.0525221732418;0.564150299735;0.0535704374586
SVM_Poly;0.0719423002403;0.0202550030872;0.472876984127;0.0225334459693;0.204701390813;0.0155513010344
SVM_RBF;0.202481157604;0.0146451660977;0.42495414673;0.0352904834961;0.554940275153;0.0646196527825
NSC;0.437754926532;0.0314298320419;0.556463831146;0.0355167876486;0.663149285355;0.0419169361948
Gaussian Naive Bayes;0.293164870587;0.0559095729059;0.584357783599;0.0217919866889;0.655285177069;0.0297748870844
Random Forest;0.407894967762;0.0583738093097;0.495516733009;0.0507961380746;0.491322168544;0.0250173809727
Decision Tree;0.458108875129;0.0555979831536;0.543857713494;0.0250382676868;0.549731620718;0.0529266495856
