classifier;NSC-mean;NSC-std;SVM-RFE-mean;SVM-RFE-std;Beta-Binomial-mean;Beta-Binomial-std
SVM_Linear;0.557508047508;0.0470341576848;0.517965367965;0.0608211218857;0.606716894217;0.0559531294002
SVM_Poly;0.0851605339105;0.0525035706949;0.49443977591;0.0394631427436;0.569867110873;0.0193493717669
SVM_RBF;0.205647546898;0.0178407105877;0.414266150516;0.0384659912133;0.580398906649;0.0897660599614
NSC;0.438364274614;0.0397213877255;0.549900793651;0.0384498520799;0.698538614164;0.0359380132336
Gaussian Naive Bayes;0.316499333999;0.0820597566195;0.585555555556;0.0270131327484;0.672169219669;0.0361205611378
Random Forest;0.41891025641;0.0667063250394;0.487689393939;0.0615050123505;0.505993867244;0.0363730183311
Decision Tree;0.462667748918;0.0602145037388;0.551578005328;0.0309063290346;0.555515873016;0.0541360821265
