classifier;NSC-mean;NSC-std;SVM-RFE-mean;SVM-RFE-std;Beta-Binomial-mean;Beta-Binomial-std
SVM_Linear;0.565972222222;0.0403136813158;0.539583333333;0.0502981082284;0.557638888889;0.0475377530281
SVM_Poly;0.075;0.0145004257068;0.507638888889;0.0151191257341;0.198611111111;0.0236926695962
SVM_RBF;0.202777777778;0.0131027515723;0.444444444444;0.0339497404488;0.5625;0.0689216431989
NSC;0.454861111111;0.0306658363414;0.568055555556;0.033635780662;0.66875;0.0385150683996
Gaussian Naive Bayes;0.311111111111;0.0511537412797;0.599305555556;0.0226733718296;0.663194444444;0.0286326779557
Random Forest;0.423611111111;0.062306800156;0.509722222222;0.042661729315;0.497222222222;0.0206473177046
Decision Tree;0.4625;0.0590236926691;0.546527777778;0.0233027246327;0.55;0.0530966245934
