"","avg acc","std acc"
"1",0.555555555555556,0.0443888541231959
