*N,acc_tree,groups
1,0.833333333333,CON__P00761
1,0.833333333333,P02769_BSA
