N, acc independent, all proteins found in a loop
55,0.666666666667,P19823_ITIH2,P09228_CST2,P68431_HIST1H3A,P26038_MSN,P13688_CEACAM1,P31947_SFN,P00558_PGK1,P18669_PGAM1,Q06830_PRDX1,P22532_SPRR2D,P35579_MYH9,P00738_HP,P01036_CST4,A0A087WZM2_RNASET2,O43707_ACTN4,P04080_CSTB,A0A087WT59_TTR,P01023_A2M,P00924_ENO1,P35321_SPRR1A,P13796_LCP1,P04792_HSPB1,P61626_LYZ,P62942_FKBP1A,A0A075B6L0_IGLC3,Q8TDL5_BPIFB1,P01009_SERPINA1,P16401_HIST1H1B,P0C0L5_C4B,P31025_LCN1,P68032_ACTC1,P32926_DSG3,P40925_3_MDH1,Q9BRF8_CPPED1,P08238_HSP90AB1,Q07654_TFF3,CON__P01966,P08670_VIM,P30740_SERPINB1,Q68D86_CCDC102B,P20061_TCN1,O00391_QSOX1,Q9HD89_RETN,A0A087WZW8,P10412_HIST1H1E,P02750_LRG1,P01616,Q8TAX7_MUC7,P01876_IGHA1,B7Z6Z4_MYL6,P02787_TF,Q9UKR3_KLK13,P55058_PLTP,P25311_AZGP1,P02769_BSA
60,0.833333333333,P00924_ENO1,O95336_PGLS,P06396_GSN,P14618_PKM2,P60174_TPI1,P08603_CFH,P02675_FGB,Q99879_HIST1H2BM,O43707_ACTN4,P21333_FLNA,B4E1Z4_CFB,P01023_A2M,P08670_VIM,P01624,Q8TAX7_MUC7,P05386_RPLP1,P05109_S100A8,P04217_A1BG,O15145_ARPC3,P02647_APOA1,P04004_VTN,P24158_PRTN3,P01763,A0A075B6R9,P30044_PRDX5,A0A0A0MTS2_GPI,P63261_ACTG1,P06702_S100A9,P62328_TMSB4X,P62937_PPIA,P68371_TUBB4B,P15153_RAC2,E9PK25_CFL1,CON__P02538_KRT6A,Q9BRF8_CPPED1,P20618_PSMB1,P31946_2,P09382_LGALS1,P61160_2_ACTR2,P00330_ADH1,P52209_PGD,O00391_QSOX1,P55786_NPEPPS,P01009_SERPINA1,P04196_HRG,O15511_2_ARPC5,P01861_IGHG4,P06454_PTMA,P09429_HMGB1,P10412_HIST1H1E,P06870_KLK1,P23381_WARS,P02671_FGA,Q9UGM3_6_DMBT1,P01859_IGHG2,P16403_HIST1H1C,P01008_SERPINC1,P23280_CA6,A0A087WV23_SH3BGRL3,P02769_BSA
12,0.666666666667,P55786_NPEPPS,P0C0L5_C4B,P01023_A2M,P00924_ENO1,P06331,P01622,CON__P00761,P07900_2_HSP90AA1,CON__P13645_KRT10,P04264_KRT1,P62937_PPIA,P02769_BSA
2,0.75,Q99879_HIST1H2BM,CON__P00761
