*N,acc_tree,groups
3,0.888888888889,P15153_RAC2,P23284_PPIB,P62937_PPIA
3,0.888888888889,P15153_RAC2,P62937_PPIA,P68871_HBB
