N, acc independent, all proteins found in a loop
15,0.666666666667,P0C0L5_C4B,P01009_SERPINA1,P09228_CST2,P18669_PGAM1,P09211_GSTP1,P12429_ANXA3,CON__P35527_KRT9,A8K2U0_A2ML1,B7Z6Z4_MYL6,P06331,P08571_CD14,P01036_CST4,CON__P13646_1,P06733_ENO1,P02769_BSA
7,0.833333333333,P55786_NPEPPS,P0C0L5_C4B,P01023_A2M,P00924_ENO1,P07900_2_HSP90AA1,CON__P13645_KRT10,P00330_ADH1
46,0.25,Q14CN2_CLCA4,Q02413_DSG1,P12273_PIP,P15153_RAC2,P11142_HSPA8,Q14974_KPNB1,P05164_3_MPO,E7EQR4_EZR,P22314_UBA1,Q99879_HIST1H2BM,A0A087WZM2_RNASET2,P04899_4_GNAI2,P07339_CTSD,P01023_A2M,P30740_SERPINB1,P18669_PGAM1,P05386_RPLP1,CON__P00761,P09429_HMGB1,P52907_CAPZA1,V9HW75_NUCB2,P00450_CP,CON__Q3MHH8,P13688_CEACAM1,P0C0L5_C4B,P63261_ACTG1,P09211_GSTP1,P09960_LTA4H,P68871_HBB,P07900_2_HSP90AA1,Q08188_TGM3,B5MDF5_RAN,CON__P08779_KRT16,CON__P01966,A0A087WVW2_IGHG3,Q8N4F0_BPIFB2,P14174_MIF,O75594_PGLYRP1,P19961_AMY2B,P31025_LCN1,Q08380_LGALS3BP,Q9NZL9_MAT2B,P62937_PPIA,P61158_ACTR3,P23280_CA6,P02760_AMBP
