"","avg acc","std acc"
"1",0.906666666666667,0.0230940107675851
