"","avg acc","std acc"
"1",0.931111111111111,0.0300616650188193
