"","avg acc","std acc"
"1",0.917777777777778,0.0428606700488576
