Attribute 1, Attribute 2, Pearson's Chi-squared test, Pearson's Chi-squared test with Yates' continuity correction, Pearson's Chi-squared test with simulated p-value (based on 2000 replicates)
COMB_CSTB.invasive.tumor,COMB_CSTB.inner.tumor,2.09466889429644e-07,2.09466889429644e-07,0.00299850074962519
COMB_LTA4H.invasive.tumor,COMB_LTA4H.inner.tumor,2.02099182080886e-06,2.02099182080886e-06,0.000499750124937531
COMB_NDRG1.invasive.tumor,COMB_NDRG1.inner.tumor,1.56166625015862e-10,1.56166625015862e-10,0.000499750124937531
COMB_PGK1.invasive.tumor,COMB_PGK1.inner.tumor,4.2341789125148e-07,4.2341789125148e-07,0.000499750124937531
COMB_COL6A1.invasive.stroma,COMB_COL6A1.inner.stroma,0.00312553418948253,0.00312553418948253,0.0264867566216892
COMB_ITGAV.invasive.stroma,COMB_ITGAV.inner.stroma,0.000181915393629684,0.000181915393629684,0.00649675162418791
COMB_MB.invasive.stroma,COMB_MB.inner.stroma,4.81167942476656e-10,4.81167942476656e-10,0.0194902548725637
