Attribute 1, Attribute 2, Wil.sig.2sided.exact, Wil.sig.2.sided.Asymptotic, Wil.sig.less.exact, Wil.sig.less.Asymptotic, Wil.sig.greater.exact, Wil.sig.greater.Asymptotic 
COMB_CSTB.invasive.tumor,COMB_CSTB.inner.tumor,0.192760435341559,0.158525517228955,0.9358017985368,0.920737241385522,0.0963802176707794,0.0792627586144776
COMB_LTA4H.invasive.tumor,COMB_LTA4H.inner.tumor,4.47352983649896e-13,6.79056810781731e-12,0.999999999999979,0.999999999996605,2.23676491824948e-13,3.39528405390865e-12
COMB_NDRG1.invasive.tumor,COMB_NDRG1.inner.tumor,1.88902840382093e-09,3.88800725728803e-09,9.44514201910466e-10,1.94400362864402e-09,0.99999999980958,0.999999998055996
COMB_PGK1.invasive.tumor,COMB_PGK1.inner.tumor,0.00954221142586547,0.0071036363997421,0.997686853039052,0.996448181800129,0.00477110571293274,0.00355181819987105
COMB_COL6A1.invasive.stroma,COMB_COL6A1.inner.stroma,0.000156417208529547,0.000126337497299067,0.999979719819336,0.99993683125135,7.82086042647734e-05,6.31687486495336e-05
COMB_ITGAV.invasive.stroma,COMB_ITGAV.inner.stroma,0.247788563370705,0.177931725268255,0.938960939645767,0.911034137365873,0.123894281685352,0.0889658626341273
COMB_MB.invasive.stroma,COMB_MB.inner.stroma,0.5078125,0.317310507862914,0.91015625,0.841344746068543,0.25390625,0.158655253931457
