gene,p-value
Pep1,0.258153833357
Pep2,0.648193123031
Pep3,0.0879955794395
Pep4,0.0879955794395
Pep5,0.00657166287157
Pep6,0.0249812288603
Pep7,0.0390982875298
Pep8,0.00240366287362
Pep9,0.0679866822259
Pep10,0.0138971565617
Pep11,0.0390982875298
Pep12,0.000923193525599
Pep13,0.241823378861
Pep14,0.311663584643
