"","avg acc","std acc"
"1",0.525555555555556,0.0291229831601804
