"","index","name","p-value"
"1",1,"Pep1",0.60477534550189
"2",2,"Pep2",0.557522742970946
"3",3,"Pep3",0.274881343350716
"4",4,"Pep4",0.25802292083775
"5",5,"Pep5",0.00947651174412794
"6",6,"Pep6",0.0328073009652713
"7",7,"Pep7",0.116328946171823
"8",8,"Pep8",0.00541250199786766
"9",9,"Pep9",0.0948450116198225
"10",10,"Pep10",0.0161124521708244
"11",11,"Pep11",0.0336841062881254
"12",12,"Pep12",0.00377215959234031
"13",13,"Pep13",0.144021894139779
"14",14,"Pep14",0.249852022233388
