"","avg acc","std acc"
"1",0.793333333333333,0.0352766841475279
